<?xml version="1.0" encoding="UTF-8" standalone="no"?><sp:signedPayload xmlns:sp="http://ns.electronichealth.net.au/xsp/xsd/SignedPayload/2010"><sp:signatures/><sp:signedPayloadData id="04d3460f-eb80-4320-9fa9-2507a320768f"><tns:eSignature xmlns:tns="http://ns.electronichealth.net.au/cdaPackage/xsd/eSignature/2012" xmlns:xsi="http://www.w3.org/2001/XMLSchema-instance"><ds:Manifest xmlns:ds="http://www.w3.org/2000/09/xmldsig#"><ds:Reference URI="CDA_ROOT.XML"><ds:DigestMethod Algorithm="http://www.w3.org/2000/09/xmldsig#sha1"/><ds:DigestValue>TJ1KluiSIWTrPRQaNkrzLTLugic=</ds:DigestValue></ds:Reference></ds:Manifest><tns:signingTime>2015-07-15T15:48:43.380Z</tns:signingTime><tns:approver><tns:personId>http://ns.electronichealth.net.au/id/hi/hpii/1.0/8003613233348366</tns:personId><tns:personName><tns:nameTitle>Dr.</tns:nameTitle><tns:givenName>Todd</tns:givenName><tns:familyName>Bagshaw</tns:familyName><tns:nameSuffix/></tns:personName></tns:approver></tns:eSignature></sp:signedPayloadData></sp:signedPayload>